segment_id,start_sec,end_sec,timestamp,reasons,low_confidence_words,average_word_probability,minimum_word_probability,text
1,0.68,6.12,00:00:00.680 --> 00:00:06.120,低信心詞 2 個：大家、工,大家、工,0.8838,0.1532,"大家午安,歡迎參加信輝藥品工業股份有限公司法人說明會"
4,10.36,13.26,00:00:10.360 --> 00:00:13.260,低信心詞 1 個：行,行,0.9003,0.4422,為各位說明公司的進行營運與展望
5,13.26,16.08,00:00:13.260 --> 00:00:16.080,低信心詞 1 個：現在,現在,0.9388,0.3972,"現在我們就把時間交給陳副總,副總請"
8,23.84,26.62,00:00:23.840 --> 00:00:26.620,低信心詞 1 個：一個,一個,0.9303,0.4641,那今天由我來向各位進行一個報告
9,27.04,28.86,00:00:27.040 --> 00:00:28.860,低信心詞 1 個：那,那,0.8594,0.3543,那在正式的報告之前
10,29.44,32.56,00:00:29.440 --> 00:00:32.560,低信心詞 1 個：先,先,0.9269,0.484,先請各位看一下簡報的第二頁
13,38.0,42.04,00:00:38.000 --> 00:00:42.040,低信心詞 1 個：軍,軍,0.9356,0.3516,軍售、產業法規還有未來市場的不確定性因素影響
19,54.92,56.58,00:00:54.920 --> 00:00:56.580,低信心詞 1 個：第二個,第二個,0.841,0.3751,第二個呢是財報
20,57.3,58.22,00:00:57.300 --> 00:00:58.220,低信心詞 1 個：呢,呢,0.6091,0.1943,第三部分呢
21,58.22,61.6,00:00:58.220 --> 00:01:01.600,低信心詞 1 個：則,則,0.8885,0.0191,則是關於永續發展跟社會關懷的具體事件
22,63.64,67.62,00:01:03.640 --> 00:01:07.620,低信心詞 1 個：信,信,0.8996,0.3303,那信輝從1977年於宜蘭創立以來
24,68.94,71.22,00:01:08.940 --> 00:01:11.220,低信心詞 1 個：我們,我們,0.8899,0.1929,那集團橫跨我們公司信輝
25,71.22,73.22,00:01:11.220 --> 00:01:13.220,低信心詞 1 個：新,新,0.8632,0.4705,專注研發的信國新藥
26,73.62,77.16,00:01:13.620 --> 00:01:17.160,低信心詞 2 個：深、功,深、功,0.8479,0.267,深耕天然質體的功能性原料的信輝天力
31,84.28,86.6,00:01:24.280 --> 00:01:26.600,低信心詞 1 個：的,的,0.9038,0.386,並且在台灣、加拿大跟大陸的
32,86.62,87.8,00:01:26.620 --> 00:01:27.800,低信心詞 1 個：都有,都有,0.8464,0.313,都有經營的公司
33,88.18,89.9,00:01:28.180 --> 00:01:29.900,低信心詞 1 個：集,集,0.8056,0.4252,那集團內所有的公司呢
36,94.86,98.54,00:01:34.860 --> 00:01:38.540,低信心詞 2 個：治、質,治、質,0.8515,0.2982,包含了我們抗癌治劑、天然質體、醫療器材製造
38,99.32,101.16,00:01:39.320 --> 00:01:41.160,低信心詞 1 個：那我們,那我們,0.8625,0.1902,那我們進行資源的共享
44,116.82,119.18,00:01:56.820 --> 00:01:59.180,低信心詞 1 個：那我們,那我們,0.8088,0.049,那我們做到廣發肉蟲的源頭管理
45,119.18,121.34,00:01:59.180 --> 00:02:01.340,低信心詞 1 個：信,信,0.8105,0.417,然後再到我們信輝、天立、杭州
48,128.04,129.06,00:02:08.040 --> 00:02:09.060,低信心詞 1 個：呢,呢,0.832,0.4822,也讓我們呢
50,132.28,136.44,00:02:12.280 --> 00:02:16.440,低信心詞 2 個：的、富,的、富,0.8381,0.107,建立了比較高的一個競爭壁壘的富城河
52,141.96,143.44,00:02:21.960 --> 00:02:23.440,低信心詞 1 個：引,引,0.813,0.4,引發剛性需求
56,150.52,152.74,00:02:30.520 --> 00:02:32.740,低信心詞 1 個：呢,呢,0.9143,0.4146,在恢復健康方面的藥品呢
58,154.62,156.96,00:02:34.620 --> 00:02:36.960,低信心詞 1 個：許,許,0.8837,0.1943,陸續取得四項藥品許可證
59,157.62,162.7,00:02:37.620 --> 00:02:42.700,低信心詞 1 個：那,那,0.9277,0.0483,那涵蓋高血脂、消化道及皮膚治療等核心領域
63,168.64,171.38,00:02:48.640 --> 00:02:51.380,低信心詞 1 個：那,那,0.8881,0.2985,那包含腸道與助眠健康
66,176.62,180.28,00:02:56.620 --> 00:03:00.280,低信心詞 2 個：救、血,救、血,0.7936,0.0892,補鈣、抗氧化、解救護肝、血脂調節
67,181.02,183.82,00:03:01.020 --> 00:03:03.820,低信心詞 1 個：的,的,0.8899,0.3777,及內皮功能改善等全方位的保健
68,183.82,186.18,00:03:03.820 --> 00:03:06.180,低信心詞 1 個：那,那,0.8171,0.0706,那接下來就是我們的美麗健康
69,186.96,188.22,00:03:06.960 --> 00:03:08.220,低信心詞 1 個：就是,就是,0.8082,0.0949,就是醫美的保養品
70,188.22,191.28,00:03:08.220 --> 00:03:11.280,低信心詞 1 個：六,六,0.8365,0.4898,那在2026年呢有上市六項新品
71,191.28,194.3,00:03:11.280 --> 00:03:14.300,低信心詞 3 個：那、亞、利,那、亞、利,0.7993,0.2055,那包括生活市場好評的亞佛利露
72,194.3,198.66,00:03:14.300 --> 00:03:18.660,低信心詞 1 個：Pro,Pro,0.857,0.4003,還有專注科研修護的SkinPro激發者的部分
73,198.66,202.28,00:03:18.660 --> 00:03:22.280,低信心詞 1 個：那,那,0.9362,0.453,那規劃在2027年陸續上市的有九項產品
74,203.14,205.6,00:03:23.140 --> 00:03:25.600,低信心詞 1 個：對,對,0.8723,0.3779,那稍後會進行一個相對的介紹
75,205.6,206.0,00:03:25.600 --> 00:03:26.000,低信心詞 1 個：那,那,0.4377,0.4377,那
76,206.9,208.82,00:03:26.900 --> 00:03:28.820,低信心詞 1 個：容易,容易,0.7718,0.3799,接下來這邊是我們容易劑的部分
77,208.82,213.38,00:03:28.820 --> 00:03:33.380,低信心詞 1 個：那,那,0.9206,0.2222,那這是我們全台唯一兼具國家生技醫療品質獎
85,240.72,244.32,00:04:00.720 --> 00:04:04.320,低信心詞 1 個：有,有,0.929,0.4372,有效延緩重度患者的認知退化
86,244.32,247.84,00:04:04.320 --> 00:04:07.840,低信心詞 2 個：那、也,那、也,0.8538,0.0652,那信輝醫藥集團也持續在這領域的研究
87,247.84,252.48,00:04:07.840 --> 00:04:12.480,低信心詞 1 個：Open,Open,0.857,0.4314,所以在今年國際期刊Open Access Library Journal
89,256.02,258.7,00:04:16.020 --> 00:04:18.700,低信心詞 1 個：那,那,0.8941,0.1317,那針對85名健康受試者
91,265.82,272.78,00:04:25.820 --> 00:04:32.780,低信心詞 2 個：那、並,那、並,0.8925,0.0661,那有效抑制其他的衰退的因子並提升腦神經滋養因子
94,280.0,284.74,00:04:40.000 --> 00:04:44.740,低信心詞 1 個：2,2,0.9276,0.4608,AIE2對健康成人也具有提升學習記憶能力的潛力
95,286.0,290.28,00:04:46.000 --> 00:04:50.280,低信心詞 1 個：大的,大的,0.8709,0.4446,那下一個也是我們另外一個強大的一個產品
96,290.28,291.64,00:04:50.280 --> 00:04:51.640,低信心詞 2 個：那、信,那、信,0.6601,0.2804,那是我們的信輝佛心
98,293.76,297.48,00:04:53.760 --> 00:04:57.480,低信心詞 2 個：國家、還有,國家、還有,0.8518,0.2066,國家抗疲勞健康食品認證還有多國的專利
99,297.48,301.02,00:04:57.480 --> 00:05:01.020,低信心詞 1 個：那我們,那我們,0.9439,0.45,那我們最新發表國際期刊的研究也證實
101,302.96,307.44,00:05:02.960 --> 00:05:07.440,低信心詞 1 個：Q,Q,0.8663,0.2281,也就是天然松果橘乾還有活性型的Q10 QH
102,307.44,309.84,00:05:07.440 --> 00:05:09.840,低信心詞 1 個：那,那,0.8812,0.3659,那具有顯著的協同效益
107,321.54,325.14,00:05:21.540 --> 00:05:25.140,低信心詞 5 個：那、呢、也、上、百,那、呢、也、上、百,0.6773,0.0132,那肌力呢也提上升了百分之十二
108,325.66,327.84,00:05:25.660 --> 00:05:27.840,低信心詞 1 個：然後,然後,0.8736,0.439,然後呢也可以有效的解決
109,327.84,332.08,00:05:27.840 --> 00:05:32.080,低信心詞 2 個：現、及,現、及,0.903,0.4606,現代人運動族群心臟及體力能量不足的一個問題
111,335.06,339.38,00:05:35.060 --> 00:05:39.380,低信心詞 3 個：美、長、信,美、長、信,0.785,0.1104,從美金門海上長友還有我們自己的信輝宜蘭馬拉松
112,339.38,343.46,00:05:39.380 --> 00:05:43.460,低信心詞 2 個：跑、機,跑、機,0.8771,0.1989,跑著指定維持心臟機能與體力的最佳後盾
113,344.66,347.6,00:05:44.660 --> 00:05:47.600,低信心詞 2 個：影、評,影、評,0.8091,0.2364,那這邊是我們的化妝影評的部分
114,347.6,350.42,00:05:47.600 --> 00:05:50.420,低信心詞 2 個：那、影片,那、影片,0.8454,0.4287,那當然在頭影片上面可以看得出白色的字
116,351.36,352.54,00:05:51.360 --> 00:05:52.540,低信心詞 1 個：但是,但是,0.794,0.2342,但是不是很清楚
117,352.54,354.82,00:05:52.540 --> 00:05:54.820,低信心詞 1 個：那,那,0.8817,0.144,那後續的檔案大家可以自己看
119,356.92,358.3,00:05:56.920 --> 00:05:58.300,低信心詞 1 個：化,化,0.8397,0.4158,化妝品其實簡單的說
123,363.24,366.52,00:06:03.240 --> 00:06:06.520,低信心詞 1 個：那,那,0.9348,0.3448,那如果傳統藥廠的化妝品來說
125,369.64,370.62,00:06:09.640 --> 00:06:10.620,低信心詞 1 個：呢,呢,0.8495,0.4299,我們的特色呢
130,378.58,380.4,00:06:18.580 --> 00:06:20.400,低信心詞 3 個：那、會、有,那、會、有,0.7164,0.1157,那畢竟大品牌也會有
132,383.96,384.94,00:06:23.960 --> 00:06:24.940,低信心詞 1 個：那,那,0.7912,0.4124,那這一頁
135,391.7,395.1,00:06:31.700 --> 00:06:35.100,低信心詞 2 個：的、配,的、配,0.8146,0.0579,我們今年大概估計會有超過兩萬人的配方
136,395.1,397.88,00:06:35.100 --> 00:06:37.880,低信心詞 1 個：部,部,0.8375,0.2467,那所有的部品其實都是買的
139,400.88,402.54,00:06:40.880 --> 00:06:42.540,低信心詞 1 個：呢,呢,0.8432,0.1707,我們在明年的預計呢
140,402.54,404.72,00:06:42.540 --> 00:06:44.720,低信心詞 1 個：人,人,0.8699,0.2978,大概會有超過四萬人的民眾
143,408.12,410.14,00:06:48.120 --> 00:06:50.140,低信心詞 1 個：我們,我們,0.8242,0.4068,擴建我們整個的健康園區
144,412.3,415.84,00:06:52.300 --> 00:06:55.840,低信心詞 1 個：那,那,0.8882,0.3431,那這邊講到我們對外銷這一部分的發展
147,420.12,423.78,00:07:00.120 --> 00:07:03.780,低信心詞 1 個：東西,東西,0.8747,0.4222,在今年會有在不同國家包含東西的部分
149,427.12,429.66,00:07:07.120 --> 00:07:09.660,低信心詞 1 個：二,二,0.901,0.1235,都會有產品在二零二七年上市
152,432.06,434.56,00:07:12.060 --> 00:07:14.560,低信心詞 1 個：義,義,0.9064,0.3488,我們的董事長李義達董事長博士呢
153,435.12,436.02,00:07:15.120 --> 00:07:16.020,低信心詞 1 個：跟,跟,0.8723,0.4338,跟我們的總經理
156,439.96,441.16,00:07:19.960 --> 00:07:21.160,低信心詞 1 個：在,在,0.8366,0.4789,在台的代理權
157,441.16,443.62,00:07:21.160 --> 00:07:23.620,低信心詞 1 個：那,那,0.833,0.4316,那消化道跟便秘用藥
158,443.62,445.88,00:07:23.620 --> 00:07:25.880,低信心詞 1 個：名,名,0.8895,0.1413,名列國人健保用藥的第三名
160,447.74,449.7,00:07:27.740 --> 00:07:29.700,低信心詞 1 個：八,八,0.8805,0.4667,一個年大概有八億元
169,467.4,468.5,00:07:47.400 --> 00:07:48.500,低信心詞 1 個：跟,跟,0.7973,0.3398,跟在台製造
178,482.58,484.36,00:08:02.580 --> 00:08:04.360,低信心詞 1 個：談,談,0.8239,0.1854,多家洽談中的廠商
180,485.68,486.62,00:08:05.680 --> 00:08:06.620,低信心詞 2 個：OD、M,OD、M,0.62,0.1477,ODM也好
181,487.22,487.92,00:08:07.220 --> 00:08:07.920,低信心詞 1 個：訂,訂,0.6796,0.3597,訂單
190,497.76,499.4,00:08:17.760 --> 00:08:19.400,低信心詞 1 個：物,物,0.8884,0.4409,智慧物流中心
191,499.4,500.86,00:08:19.400 --> 00:08:20.860,低信心詞 1 個：那我們,那我們,0.7692,0.0977,那我們目前的規劃呢
204,522.98,524.16,00:08:42.980 --> 00:08:44.160,低信心詞 1 個：抱,抱,0.776,0.342,那抱歉
206,527.48,527.88,00:08:47.480 --> 00:08:47.880,低信心詞 1 個：好,好,0.0006,0.0006,好
207,532.42,534.42,00:08:52.420 --> 00:08:54.420,低信心詞 1 個：那,那,0.8934,0.0407,那除了智慧物流中心之外呢
209,535.26,536.72,00:08:55.260 --> 00:08:56.720,低信心詞 1 個：就,就,0.7888,0.4778,就生產的一個部分
214,545.22,546.56,00:09:05.220 --> 00:09:06.560,低信心詞 1 個：之,之,0.8209,0.359,不菌之際的一個部分
215,546.56,549.0,00:09:06.560 --> 00:09:09.000,低信心詞 1 個：Pe,Pe,0.8782,0.0903,那其實現在隨著Peace的要求
222,559.16,560.78,00:09:19.160 --> 00:09:20.780,低信心詞 2 個：以、幸,以、幸,0.545,0.2049,那順以幸輝
227,567.62,569.36,00:09:27.620 --> 00:09:29.360,低信心詞 1 個：繼續,繼續,0.8395,0.3475,我們決定再繼續擴充
232,578.78,580.74,00:09:38.780 --> 00:09:40.740,低信心詞 1 個：那,那,0.8308,0.2908,那包含我們節能省碳的一個部分
233,583.66,585.68,00:09:43.660 --> 00:09:45.680,低信心詞 1 個：信,信,0.8076,0.2347,那接下來講過了信國新藥
234,585.68,586.78,00:09:45.680 --> 00:09:46.780,低信心詞 3 個：那、信、新,那、信、新,0.5435,0.1679,那信國新藥呢
235,587.62,588.98,00:09:47.620 --> 00:09:48.980,低信心詞 2 個：目前、就是,目前、就是,0.7373,0.317,目前的狀態就是
238,591.82,593.6,00:09:51.820 --> 00:09:53.600,低信心詞 1 個：的,的,0.873,0.4721,合作授權的三大引擎
242,599.32,601.56,00:09:59.320 --> 00:10:01.560,低信心詞 2 個：他、數,他、數,0.8926,0.3471,他陸續推出了全數機能產品
243,601.56,603.66,00:10:01.560 --> 00:10:03.660,低信心詞 2 個：龍、一,龍、一,0.664,0.1904,類似像龍一鳴
244,603.66,604.38,00:10:03.660 --> 00:10:04.380,低信心詞 1 個：新,新,0.5933,0.0739,新台好棉
245,604.38,605.2,00:10:04.380 --> 00:10:05.200,低信心詞 2 個：無、機,無、機,0.5783,0.3276,無機泰順
246,605.2,605.9,00:10:05.200 --> 00:10:05.900,低信心詞 1 個：龍,龍,0.6623,0.3762,龍暢鮮
248,607.96,608.76,00:10:07.960 --> 00:10:08.760,低信心詞 1 個：跟,跟,0.7666,0.2649,跟現金流
250,609.9,611.9,00:10:09.900 --> 00:10:11.900,低信心詞 1 個：原,原,0.8872,0.4297,信國自主開發的魚原泡
252,616.04,617.94,00:10:16.040 --> 00:10:17.940,低信心詞 2 個：與、二,與、二,0.7803,0.1643,與今年二月正式取得
254,619.54,621.38,00:10:19.540 --> 00:10:21.380,低信心詞 1 個：那,那,0.6087,0.0069,那合規
256,624.56,626.68,00:10:24.560 --> 00:10:26.680,低信心詞 1 個：跟,跟,0.8282,0.3702,那目前正在跟醫美專家
258,628.62,632.54,00:10:28.620 --> 00:10:32.540,低信心詞 1 個：性,性,0.7833,0.2428,那藏在抗癌為之體性藥平台方面呢
261,637.3,638.18,00:10:37.300 --> 00:10:38.180,低信心詞 1 個：跟,跟,0.8084,0.4268,跟合作
263,639.28,639.88,00:10:39.280 --> 00:10:39.880,低信心詞 1 個：信,信,0.6066,0.1535,信國呢
264,639.88,641.2,00:10:39.880 --> 00:10:41.200,低信心詞 1 個：八,八,0.8841,0.4753,也在八月十七號
266,642.52,644.36,00:10:42.520 --> 00:10:44.360,低信心詞 1 個：也,也,0.9053,0.4904,這部分也就不在這邊追溯了
267,647.82,649.94,00:10:47.820 --> 00:10:49.940,低信心詞 1 個：那,那,0.8652,0.3882,那接下來提到我們天然資源的部分
271,655.46,656.44,00:10:55.460 --> 00:10:56.440,低信心詞 2 個：在、子,在、子,0.6644,0.1705,在我們子公司
272,656.44,658.48,00:10:56.440 --> 00:10:58.480,低信心詞 1 個：那,那,0.9053,0.4955,那天然資源我們的策略呢
280,675.7,677.9,00:11:15.700 --> 00:11:17.900,低信心詞 2 個：那、十,那、十,0.7912,0.0625,那除了已經銷售十個國家
281,677.9,680.66,00:11:17.900 --> 00:11:20.660,低信心詞 1 個：管,管,0.893,0.415,跟地區的管化肉蟲籠提取原料外
294,705.3,708.2,00:11:45.300 --> 00:11:48.200,低信心詞 1 個：運,運,0.9138,0.3497,肌肉合成跟運動後乳酸的代謝能力
295,708.2,710.08,00:11:48.200 --> 00:11:50.080,低信心詞 1 個：是,是,0.9195,0.4619,是運動營養品類中
303,725.36,727.08,00:12:05.360 --> 00:12:07.080,低信心詞 1 個：那,那,0.8983,0.2474,那相較於胺基酸呢
306,733.64,734.92,00:12:13.640 --> 00:12:14.920,低信心詞 1 個：那,那,0.5558,0.2609,那杏輝呢
310,740.64,741.38,00:12:20.640 --> 00:12:21.380,低信心詞 1 個：易,易,0.7776,0.3358,易吸收
312,743.58,745.64,00:12:23.580 --> 00:12:25.640,低信心詞 1 個：成,成,0.8484,0.2239,那是健康成食品的
313,745.64,747.1,00:12:25.640 --> 00:12:27.100,低信心詞 1 個：者,者,0.8742,0.3501,複方搭配的優選者
320,759.42,763.14,00:12:39.420 --> 00:12:43.140,低信心詞 1 個：產,產,0.8987,0.3785,那為集團打造出高技術避雷的天然產物整合
321,765.04,766.7,00:12:45.040 --> 00:12:46.700,低信心詞 1 個：那,那,0.8218,0.2395,那能夠做到這些呢
322,767.62,770.02,00:12:47.620 --> 00:12:50.020,低信心詞 1 個：的,的,0.8895,0.4551,除了剛剛所報告的這些之外
332,795.92,797.38,00:13:15.920 --> 00:13:17.380,低信心詞 3 個：那、基、於,那、基、於,0.6944,0.2012,那基於以上的報告
335,802.38,804.62,00:13:22.380 --> 00:13:24.620,低信心詞 1 個：從,從,0.9219,0.4,從今年的半年報可以看出來
341,816.34,820.26,00:13:36.340 --> 00:13:40.260,低信心詞 1 個：那,那,0.9535,0.4146,那相較於去年同期成長1.26億元
343,822.6,824.22,00:13:42.600 --> 00:13:44.220,低信心詞 1 個：那,那,0.8122,0.015,那除了營收以外
344,824.22,828.04,00:13:44.220 --> 00:13:48.040,低信心詞 2 個：那我們、毛,那我們、毛,0.8031,0.0857,那我們上半年毛利率45.4%
345,829.02,830.28,00:13:49.020 --> 00:13:50.280,低信心詞 1 個：45.,45.,0.7265,0.2518,45.4%
352,843.98,846.4,00:14:03.980 --> 00:14:06.400,低信心詞 1 個：業,業,0.7947,0.3867,較多的就是我們的農業基跟活芯
353,846.94,849.54,00:14:06.940 --> 00:14:09.540,低信心詞 1 個：新,新,0.8881,0.312,那這兩項是新會投入數十年
355,852.6,855.04,00:14:12.600 --> 00:14:15.040,低信心詞 1 個：並,並,0.8318,0.1352,並且與市面上其他產品有較大的區隔
356,855.04,857.18,00:14:15.040 --> 00:14:17.180,低信心詞 2 個：所以、是,所以、是,0.7947,0.4049,所以當然毛利是較高的
357,857.18,858.32,00:14:17.180 --> 00:14:18.320,低信心詞 1 個：呢,呢,0.7205,0.1656,這兩部分呢
364,875.96,881.36,00:14:35.960 --> 00:14:41.360,低信心詞 1 個：元,元,0.866,0.362,約當的現金的部分提高到了14.76億元
365,881.36,885.18,00:14:41.360 --> 00:14:45.180,低信心詞 3 個：那、為、提,那、為、提,0.8537,0.3532,那為後續大型擴建計畫提供了充足的資源
370,895.04,896.64,00:14:55.040 --> 00:14:56.640,低信心詞 1 個：上,上,0.8522,0.4172,上半年的稅銜淨利率呢
373,899.98,901.7,00:14:59.980 --> 00:15:01.700,低信心詞 1 個：太,太,0.8409,0.3114,也沒有相差太多
379,910.98,911.72,00:15:10.980 --> 00:15:11.720,低信心詞 3 個：還有、費、的,還有、費、的,0.5971,0.0463,還有費用的增長
380,911.72,912.94,00:15:11.720 --> 00:15:12.940,低信心詞 2 個：那、呢,那、呢,0.5797,0.11,那從下面呢
385,920.98,923.32,00:15:20.980 --> 00:15:23.320,低信心詞 1 個：11.,11.,0.9008,0.4156,那11.4年度的配發
393,939.46,941.1,00:15:39.460 --> 00:15:41.100,低信心詞 2 個：我們、發,我們、發,0.7616,0.2262,我們是把永續發展
394,941.1,943.0,00:15:41.100 --> 00:15:43.000,低信心詞 1 個：作,作,0.8679,0.4928,當作我們長期的競爭力
395,943.0,945.04,00:15:43.000 --> 00:15:45.040,低信心詞 1 個：那我們,那我們,0.9183,0.484,那我們這邊有列出兩個例子
396,945.04,948.1,00:15:45.040 --> 00:15:48.100,低信心詞 1 個：呢,呢,0.8693,0.4633,來說明為什麼我們的能源密集度呢
403,961.76,962.8,00:16:01.760 --> 00:16:02.800,低信心詞 1 個：不,不,0.7324,0.1069,不算方式
407,969.46,970.82,00:16:09.460 --> 00:16:10.820,低信心詞 2 個：那、呢,那、呢,0.8048,0.2156,那初期減量目標呢
412,978.38,979.54,00:16:18.380 --> 00:16:19.540,低信心詞 1 個：的,的,0.7775,0.261,用電的佔比較高
415,982.5,984.66,00:16:22.500 --> 00:16:24.660,低信心詞 1 個：I,I,0.8115,0.3509,那我們換了B棟I棟
416,984.66,986.82,00:16:24.660 --> 00:16:26.820,低信心詞 1 個：從,從,0.8711,0.4283,從定頻式改為變頻式
423,998.14,1000.82,00:16:38.140 --> 00:16:40.820,低信心詞 1 個：那,那,0.7756,0.0726,那用電量溫度也可以下降
424,1000.82,1002.12,00:16:40.820 --> 00:16:42.120,低信心詞 1 個：用,用,0.7916,0.2953,用電量也可以下降
426,1003.54,1006.62,00:16:43.540 --> 00:16:46.620,低信心詞 1 個：的,的,0.9007,0.3737,所以就是做了這些點點滴滴的之後
429,1010.06,1013.08,00:16:50.060 --> 00:16:53.080,低信心詞 1 個：低,低,0.7979,0.3459,我們可以降低了12.38%
433,1021.28,1023.02,00:17:01.280 --> 00:17:03.020,低信心詞 1 個：第三,第三,0.793,0.2468,完成第三章確信的審核
436,1026.68,1029.64,00:17:06.680 --> 00:17:09.640,低信心詞 1 個：那,那,0.8369,0.2852,那在扣除掉今年新增的範疇三
437,1029.64,1031.6,00:17:09.640 --> 00:17:11.600,低信心詞 2 個：員、情,員、情,0.8108,0.2479,員工偷情的比較標準後
438,1031.6,1033.3,00:17:11.600 --> 00:17:13.300,低信心詞 1 個：那,那,0.8959,0.2765,那實質排放的密集度
439,1033.3,1035.8,00:17:13.300 --> 00:17:15.800,低信心詞 3 個：了、57、%,了、57、%,0.7644,0.2306,比前一年度下降了4.57%
445,1044.92,1048.06,00:17:24.920 --> 00:17:28.060,低信心詞 1 個：到,到,0.9208,0.4247,必須拉到相同的標準
450,1056.68,1056.8,00:17:36.680 --> 00:17:36.800,低信心詞 1 個：的時候,的時候,0.005,0.005,的時候
451,1057.24,1061.58,00:17:37.240 --> 00:17:41.580,低信心詞 3 個：我們、排、放,我們、排、放,0.7239,0.2034,我們整個的碳排放密集度
452,1061.58,1063.84,00:17:41.580 --> 00:17:43.840,低信心詞 2 個：4.、%,4.、%,0.776,0.1397,會較前一年度下降4.57%
453,1066.22,1069.06,00:17:46.220 --> 00:17:49.060,低信心詞 1 個：那,那,0.9325,0.4258,那除了上面的報告營運發展部分
456,1073.24,1075.28,00:17:53.240 --> 00:17:55.280,低信心詞 1 個：信,信,0.8289,0.2145,我們正式成立一個信輝的學院
458,1077.28,1079.04,00:17:57.280 --> 00:17:59.040,低信心詞 1 個：都有,都有,0.9145,0.3065,都有對應的要求跟條件
462,1085.7,1087.88,00:18:05.700 --> 00:18:07.880,低信心詞 1 個：我們,我們,0.7556,0.1929,我們所有的晉升跟調薪
472,1103.8,1106.4,00:18:23.800 --> 00:18:26.400,低信心詞 1 個：進,進,0.9216,0.384,他就會進行兩次的調整
476,1112.98,1115.68,00:18:32.980 --> 00:18:35.680,低信心詞 1 個：安,安,0.9202,0.306,同仁們的一個培訓跟課程的一個安排
477,1115.7,1117.92,00:18:35.700 --> 00:18:37.920,低信心詞 2 個：會、一個,會、一個,0.6882,0.0503,會去做一個依歸的一個動作
483,1130.58,1132.28,00:18:50.580 --> 00:18:52.280,低信心詞 1 個：人,人,0.8746,0.3653,人次達到400人
491,1150.94,1153.14,00:19:10.940 --> 00:19:13.140,低信心詞 1 個：推,推,0.8938,0.4559,我們也致力於對運動的推廣
496,1162.9,1164.76,00:19:22.900 --> 00:19:24.760,低信心詞 1 個：信,信,0.7567,0.1875,我們的信惠依賴馬拉松之外
499,1167.34,1169.3,00:19:27.340 --> 00:19:29.300,低信心詞 1 個：友,友,0.8541,0.3151,還有我們金門海上長友
502,1175.18,1178.68,00:19:35.180 --> 00:19:38.680,低信心詞 3 個：樂、至、失,樂、至、失,0.697,0.0252,樂至宜蘭縣失智症照護協會的一個部分
503,1178.68,1179.86,00:19:38.680 --> 00:19:39.860,低信心詞 2 個：我們、也,我們、也,0.8019,0.2282,我們也會進行一個捐贈
504,1179.86,1181.44,00:19:39.860 --> 00:19:41.440,低信心詞 1 個：那,那,0.8575,0.1661,那除了這個捐贈之外
506,1184.3,1187.52,00:19:44.300 --> 00:19:47.520,低信心詞 1 個：都,都,0.9385,0.4388,都會進行一個健康講座的一個宣導跟關懷
507,1187.52,1189.72,00:19:47.520 --> 00:19:49.720,低信心詞 2 個：進、允,進、允,0.8134,0.4668,進行一些允髮族的一些慰教
518,1208.2,1210.38,00:20:08.200 --> 00:20:10.380,低信心詞 1 個：物,物,0.8772,0.4813,植物圖譜的技術標準化提取
522,1214.5,1216.1,00:20:14.500 --> 00:20:16.100,低信心詞 1 個：了,了,0.8665,0.2874,整理成了這本書了
526,1221.74,1222.86,00:20:21.740 --> 00:20:22.860,低信心詞 1 個：火,火,0.7926,0.2606,火星鑑定
534,1233.42,1234.76,00:20:33.420 --> 00:20:34.760,低信心詞 2 個：信、號,信、號,0.7613,0.1677,不僅代表信號
535,1234.82,1236.76,00:20:34.820 --> 00:20:36.760,低信心詞 1 個：信,信,0.8816,0.0483,信輝對天然物的研究長期投入
536,1236.76,1238.84,00:20:36.760 --> 00:20:38.840,低信心詞 1 個：也,也,0.8939,0.2316,也體現集團長期以來
538,1243.42,1244.56,00:20:43.420 --> 00:20:44.560,低信心詞 1 個：那,那,0.7424,0.414,那信輝呢
539,1244.56,1247.4,00:20:44.560 --> 00:20:47.400,低信心詞 1 個：一,一,0.8115,0.4079,即將一來創立了50週年
550,1262.56,1264.7,00:21:02.560 --> 00:21:04.700,低信心詞 1 個：更,更,0.9248,0.2483,更回應全球低碳製造的趨勢
551,1264.82,1268.54,00:21:04.820 --> 00:21:08.540,低信心詞 1 個：為,為,0.9129,0.2312,為企業奠定長期的競爭優勢
558,1279.64,1281.58,00:21:19.640 --> 00:21:21.580,低信心詞 1 個：斯,斯,0.8654,0.0922,創辦人李志文耀斯的經營理念
560,1282.44,1283.38,00:21:22.440 --> 00:21:23.380,低信心詞 1 個：呢,呢,0.7645,0.3213,秉持呢
568,1293.7,1294.8,00:21:33.700 --> 00:21:34.800,低信心詞 1 個：部分,部分,0.8181,0.3085,就是這邊的部分
569,1294.82,1295.06,00:21:34.820 --> 00:21:35.060,低信心詞 1 個：報,報,0.5397,0.0799,報告
570,1295.06,1297.54,00:21:35.060 --> 00:21:37.540,低信心詞 1 個：那,那,0.8498,0.2914,那接下來就進行Q&A
576,1312.1,1313.96,00:21:52.100 --> 00:21:53.960,低信心詞 1 個：實,實,0.8547,0.3479,市場利率實質走升
580,1323.0,1326.9,00:22:03.000 --> 00:22:06.900,低信心詞 1 個：信,信,0.821,0.1005,信輝手握近15億豐沛現金的
581,1326.9,1328.72,00:22:06.900 --> 00:22:08.720,低信心詞 1 個：實,實,0.8097,0.1996,實際配置策略是為何
582,1330.26,1331.44,00:22:10.260 --> 00:22:11.440,低信心詞 1 個：那,那,0.6133,0.0303,那感謝提問
583,1332.0,1334.4,00:22:12.000 --> 00:22:14.400,低信心詞 1 個：那,那,0.8765,0.422,那財務結構的穩健呢
584,1334.4,1335.7,00:22:14.400 --> 00:22:15.700,低信心詞 1 個：跟,跟,0.8747,0.2352,跟抗風險能力呢
589,1346.0,1349.04,00:22:26.000 --> 00:22:29.040,低信心詞 2 個：那我們、未,那我們、未,0.848,0.3861,那我們跟充裕的未動用銀行額度
591,1352.16,1354.58,00:22:32.160 --> 00:22:34.580,低信心詞 1 個：那,那,0.8844,0.4294,那因為集團跨越了不同的國家
592,1354.58,1356.94,00:22:34.580 --> 00:22:36.940,低信心詞 2 個：所以、每,所以、每,0.8478,0.4461,所以每個國家每個公司
594,1357.98,1359.7,00:22:37.980 --> 00:22:39.700,低信心詞 1 個：那,那,0.9008,0.3524,那就集團的角度而言
600,1371.36,1373.2,00:22:51.360 --> 00:22:53.200,低信心詞 2 個：的、呢,的、呢,0.8332,0.0503,那我們做出的這些提前因應呢
602,1374.42,1375.74,00:22:54.420 --> 00:22:55.740,低信心詞 1 個：我們,我們,0.871,0.3383,我們有兩大考量
606,1381.78,1383.44,00:23:01.780 --> 00:23:03.440,低信心詞 1 個：我們,我們,0.9339,0.4506,我們宜蘭智慧物流中心
607,1383.44,1384.72,00:23:03.440 --> 00:23:04.720,低信心詞 2 個：我們的、流,我們的、流,0.7147,0.3246,還有我們的育流廠房
608,1384.72,1386.52,00:23:04.720 --> 00:23:06.520,低信心詞 1 個：呢,呢,0.85,0.1015,那這部分有公告的金額呢
621,1410.58,1412.56,00:23:30.580 --> 00:23:32.560,低信心詞 4 個：那、關、流、房,那、關、流、房,0.5338,0.0397,那關於育流廠房部分呢
625,1418.36,1420.78,00:23:38.360 --> 00:23:40.780,低信心詞 1 個：IS,IS,0.8776,0.0781,就是目前國際國內的PIS法規
634,1438.68,1441.96,00:23:58.680 --> 00:24:01.960,低信心詞 2 個：一個、一個,一個、一個,0.8212,0.3733,如果沒有原本的一個比較大量的一個基礎之上
636,1444.72,1446.6,00:24:04.720 --> 00:24:06.600,低信心詞 1 個：邊,邊,0.8786,0.2401,邊際成本就會高出很多
637,1446.6,1448.64,00:24:06.600 --> 00:24:08.640,低信心詞 1 個：它,它,0.8873,0.2383,也就是它邊際的效益會降低很多
644,1465.88,1467.28,00:24:25.880 --> 00:24:27.280,低信心詞 1 個：流,流,0.7258,0.0336,育流廠房的一個部分
645,1467.28,1468.2,00:24:27.280 --> 00:24:28.200,低信心詞 1 個：那,那,0.6132,0.1105,那主要呢
646,1468.2,1469.72,00:24:28.200 --> 00:24:29.720,低信心詞 1 個：還有,還有,0.872,0.2852,還有另外一個最主要關鍵的原因
654,1488.44,1492.68,00:24:48.440 --> 00:24:52.680,低信心詞 2 個：P、IS,P、IS,0.8697,0.295,然後還有我們對PIS法規的管理的信心的提高
656,1494.88,1497.26,00:24:54.880 --> 00:24:57.260,低信心詞 2 個：流、期,流、期,0.7558,0.0043,所以我們會先育流一部分廠房來應應你們的期待
657,1497.28,1499.26,00:24:57.280 --> 00:24:59.260,低信心詞 1 個：一個,一個,0.8508,0.4185,對於整體未來的一個發展的需要
659,1501.1,1501.54,00:25:01.100 --> 00:25:01.540,低信心詞 1 個：謝謝,謝謝,0.4471,0.4471,謝謝
662,1505.84,1507.64,00:25:05.840 --> 00:25:07.640,低信心詞 3 個：會、有、說,會、有、說,0.7187,0.3599,會不會有增加說明呢
667,1522.06,1524.78,00:25:22.060 --> 00:25:24.780,低信心詞 1 個：市,市,0.9313,0.4066,我們這個產品在日本同類市場
668,1524.78,1527.02,00:25:24.780 --> 00:25:27.020,低信心詞 1 個：長,長,0.8253,0.0989,長期名列最受歡迎品項
669,1527.28,1529.22,00:25:27.280 --> 00:25:29.220,低信心詞 2 個：那、導,那、導,0.5775,0.0871,那希望導到台灣之後
671,1532.28,1536.72,00:25:32.280 --> 00:25:36.720,低信心詞 1 個：幸,幸,0.9489,0.2991,那進一步補強幸輝在消化系統用藥領域的產品完整性
674,1542.14,1543.86,00:25:42.140 --> 00:25:43.860,低信心詞 1 個：這,這,0.8527,0.204,那這剛剛有報告到
679,1555.58,1558.28,00:25:55.580 --> 00:25:58.280,低信心詞 3 個：月、面、健,月、面、健,0.6367,0.033,月面用藥在健保用藥排名第三
680,1559.64,1562.02,00:25:59.640 --> 00:26:02.020,低信心詞 1 個：那,那,0.8246,0.3193,那國內的市場目前來看
683,1567.02,1568.22,00:26:07.020 --> 00:26:08.220,低信心詞 1 個：到,到,0.8228,0.4649,可能是6到8
690,1584.76,1586.58,00:26:24.760 --> 00:26:26.580,低信心詞 1 個：我們,我們,0.8697,0.4671,我們認為我們的合作
694,1590.44,1592.5,00:26:30.440 --> 00:26:32.500,低信心詞 1 個：原,原,0.84,0.1529,我們也跟其他原本合作的
703,1612.92,1613.66,00:26:52.920 --> 00:26:53.660,低信心詞 1 個：共,共,0.826,0.4425,共同開發
704,1613.66,1614.9,00:26:53.660 --> 00:26:54.900,低信心詞 1 個：還有,還有,0.8598,0.3223,還有技術授權
708,1622.26,1624.02,00:27:02.260 --> 00:27:04.020,低信心詞 1 個：代,代,0.895,0.4687,消化系統代理
709,1624.02,1625.86,00:27:04.020 --> 00:27:05.860,低信心詞 1 個：啊,啊,0.7968,0.2588,然後無菌製劑啊
716,1639.14,1642.08,00:27:19.140 --> 00:27:22.080,低信心詞 2 個：自己、和,自己、和,0.8583,0.3197,以我們自己本身的能量和資源
724,1655.32,1660.92,00:27:35.320 --> 00:27:40.920,低信心詞 2 個：那、經,那、經,0.7912,0.0212,那以上謝謝副總經濟的說明與分享
727,1666.38,1667.76,00:27:46.380 --> 00:27:47.760,低信心詞 2 個：問、會,問、會,0.7442,0.368,我們今天訪問會就到這邊
